X1,X2,X3,X4,Y
1.92123,-1.70408,1.02668,-1.46194,1.22344
-0.56914,-0.69559,0.91345,-2.10178,-1.51874
-1.26285,-1.09879,0.65176,-0.63234,-1.28848
-0.84009,0.25258,0.109,0.27399,0.4642
0.71993,-0.03922,-0.48841,-1.66339,-1.48846
-0.79666,-0.6765,2.16689,-1.3487,1.01211
-0.60678,0.53124,-1.65273,-0.38678,-2.92367
0.89325,1.71511,-0.14219,-1.43238,0.75269
-0.94985,0.82018,0.70155,-2.46282,-1.1957
0.87427,2.8813,0.31595,-0.53803,5.82781
-1.27347,2.53789,-0.77899,1.24422,2.77454
-0.30114,1.41775,1.56039,1.78347,7.18038
1.10734,0.04934,0.28417,0.18484,3.56507
-0.65537,-1.12294,0.59838,1.05805,0.50312
0.71069,-1.03871,-1.94011,1.48853,-0.21677
-1.3533,1.11688,0.71122,0.56652,1.70314
2.17518,-1.29403,-1.23531,0.02952,-1.27661
-1.96163,0.14277,1.66742,2.39509,4.40418
0.39496,-0.09661,-0.23134,0.11602,0.4551
-0.36795,1.11112,0.43191,0.2195,2.72929
1.17324,-0.68972,0.46184,-0.68124,0.73056
-0.80262,1.48259,0.61029,-0.20979,1.34756
0.10964,1.12271,-0.56727,-0.81219,1.59677
1.15333,0.15721,-0.05226,-1.19432,1.3755
-0.41465,-1.12245,-1.48062,-0.54229,-3.81203
-0.83257,0.21026,0.82139,-0.86668,1.47772
1.13658,1.10481,-1.20367,-0.60979,0.58199
0.12094,-1.41492,0.99314,-1.005,0.62483
0.22727,0.28588,0.64523,-0.72718,0.9179
0.07676,0.19768,-0.72085,-0.52206,-0.89134
-0.72801,1.06531,-0.07164,0.88625,2.44559
-0.04468,-0.13517,1.56149,0.32293,2.26281
1.45816,-0.5759,-0.6462,-0.29013,1.39131
-0.37451,0.03284,1.76788,-0.01325,3.04042
0.28475,1.14432,-1.59034,0.67255,1.50678
-0.36418,-0.07685,-0.2548,-0.93174,-0.82921
-0.2248,-1.29163,-0.05353,0.60544,0.79188
1.13995,1.72373,0.10163,1.00086,3.92962
-2.21091,-0.05995,0.61153,0.3488,-1.55071
0.98292,-1.80175,-1.19649,-0.23706,-2.0397
-0.60811,1.89891,0.01863,0.97672,2.81967
0.91934,0.78968,0.55804,0.24925,3.3361
1.807,0.80305,-0.13047,-2.52599,1.52952
1.70717,0.13753,0.41966,1.00056,3.55898
-2.61333,-0.70609,0.31583,1.05562,1.42639
0.04503,0.26479,-0.46323,-1.85062,-1.38574
0.13212,1.51933,-0.13193,-1.30225,0.66744
0.13273,0.00761,-1.0837,-1.36269,-3.50987
1.13554,-1.35777,-0.77486,-0.04521,0.28856
-0.30558,2.64397,-0.41474,-1.71929,-0.71695
-1.40972,0.82519,0.03445,-0.05043,0.33497
-0.1193,-1.25944,0.19408,0.58446,-0.54992
0.17833,-0.10518,0.61906,-0.35902,1.471
-1.38099,0.89809,-1.55102,0.66215,-0.57159
-1.03945,-2.04653,1.1212,-0.6379,-0.48231
-0.29975,0.66777,0.85984,-0.41596,2.11267
1.06928,1.09529,-1.04695,1.31875,2.99516
1.0948,-0.51591,-0.43477,-1.00885,-1.74307
1.31975,-0.6247,-1.97972,-1.73218,-2.04342
0.76145,-1.18202,-2.14614,-0.52152,-1.9224
0.9998,0.58961,-0.20824,2.22221,5.889
0.09829,0.51685,0.77871,-0.03869,1.53035
1.38906,0.34949,0.96765,0.38668,4.99231
-0.48519,0.34506,1.10241,0.63028,3.42759
0.79101,0.34977,1.67443,-1.35244,1.72377
1.38811,0.59094,-0.39447,0.62388,2.88187
0.12944,0.14555,-0.12309,1.29774,4.06491
0.78342,-0.49021,0.35757,1.76729,5.48712
-1.75789,-0.16998,-0.41606,-0.65197,-0.29163
0.16632,-0.64125,1.10282,0.86586,2.49025
0.04232,-1.51005,-0.30929,0.1271,-0.98356
-0.67391,-0.06659,0.59993,-0.22574,-0.29563
-0.87077,0.1738,-0.5178,0.38215,-0.48881
1.45133,-0.46963,0.64487,0.64934,2.69053
0.23831,1.97265,-1.16333,0.21277,3.31782
0.30986,1.07091,-0.12962,1.75579,4.17511
0.19318,0.41252,0.39381,-0.32002,3.53229
0.55162,-0.7511,-0.25828,0.09723,0.53997
-0.52298,0.15194,-0.00683,0.04688,-1.59672
-1.65427,0.58576,-1.31115,1.25104,-0.76454
-0.51653,1.10165,0.11908,0.00659,1.25541
0.0144,0.59821,-2.27786,-0.12113,-1.41062
-0.56359,-0.77725,-0.27632,-1.04238,-2.04827
-0.29803,0.26416,0.62308,0.29047,3.60725
0.44104,0.07679,0.2322,0.76436,4.90432
-1.17285,-0.85934,0.26691,0.88118,1.48794
-0.17554,0.21653,0.3479,0.07249,2.28249
0.37032,0.47401,-1.71302,1.60402,1.06715
-2.07172,0.42495,-0.46083,-0.64026,-1.57377
0.54905,-2.27974,0.77632,0.80519,1.19713
1.30479,0.65677,-1.22688,0.43934,4.32616
-0.13044,0.18931,0.77729,-1.14232,0.61348
-0.32929,1.78227,0.07623,1.21785,4.99949
-0.70559,-1.17724,1.03607,-0.2352,-0.18913
-1.68957,0.48087,0.23489,-0.33762,-0.89771
0.62802,0.9834,1.23984,-0.6497,3.09197
0.71517,-0.36777,-0.29342,0.51166,2.4611
1.65594,-0.93742,-0.07365,0.68326,2.0613
0.01495,0.90187,1.05827,0.95728,3.8143
-0.84347,-0.78643,0.28513,-0.20121,-0.61732
-0.87087,0.71653,0.23089,0.5136,0.96142
1.2696,0.71099,1.12223,-1.74888,3.27939
1.67773,0.04323,1.36174,-0.7662,4.06554
2.2695,0.50457,1.29382,0.11627,5.64604
0.92902,2.19897,0.99158,1.01082,8.06708
-1.30837,-1.70623,-0.56022,1.45107,-1.04073
-0.3978,-0.63809,0.31087,1.3968,1.98443
-0.15005,0.74875,0.39598,1.58791,4.60642
0.35271,0.98087,-0.30654,0.19082,2.45197
-0.1996,2.44832,0.64065,-0.09649,3.32912
-1.21225,0.01407,-1.75775,1.1833,1.24969
0.25631,1.09448,-0.10859,0.16848,0.96404
1.81438,0.53194,0.54609,-0.06183,4.87211
-0.7816,0.50462,1.03315,-0.73778,0.73151
0.74904,2.12175,0.98085,-0.4285,4.96225
-2.68213,-1.02481,-0.47387,0.4319,-4.08256
0.34088,1.18114,0.7274,-1.07167,2.05347
0.42618,-0.13042,-0.59499,0.83569,0.16962
-0.56447,-0.57854,0.91022,-0.70161,1.28232
-0.11707,-0.12424,0.12376,-0.35073,2.13638
-0.35292,-1.84671,-0.1826,0.75003,-1.06765
-1.78001,-1.03954,1.31191,0.15931,0.10253
-1.63286,1.15817,-1.64469,1.5938,-0.25983
0.38225,0.52127,-0.89791,2.54788,4.28696
0.78785,-0.1674,1.00287,0.40991,2.36666
0.89739,-0.81864,-1.62313,1.04253,0.96373
-0.5093,1.25203,1.43094,-0.15047,4.82181
-2.13548,0.81723,1.02256,0.54436,1.64979
0.29872,1.06829,0.83169,0.8564,4.42112
0.79105,-0.79404,-0.4582,-1.39025,-1.68507
-0.15233,0.06323,1.84413,-0.10992,3.53972
0.69894,-0.43242,0.04605,0.68616,0.85557
-1.115,0.88171,-0.8527,0.04076,-1.28369
-0.08823,0.06869,-1.04487,-1.49119,-0.38966
1.46153,-1.58346,-0.0128,0.9246,0.90535
-0.49721,-1.04944,0.23026,-1.10653,-1.75914
-0.1898,0.59602,-0.23536,0.83248,1.66979
-1.3156,0.32239,-0.16745,0.86703,0.70963
-1.12588,-2.24954,0.02432,0.51653,-3.33038
2.13339,-0.96943,1.93582,1.85622,5.572
-1.09747,0.13508,-1.06874,1.07767,0.58795
0.72054,2.09319,-0.71117,-0.90759,2.55659
0.81969,1.06631,-0.32967,-2.09249,1.93708
-0.22182,-0.03112,0.13468,-2.01996,-0.59231
0.13333,-0.88026,-0.60014,0.76258,-0.49789
-0.48038,-0.24741,-0.46853,0.00273,-1.8748
0.32143,0.01748,-0.84137,0.09159,1.03187
1.34016,0.28875,0.77527,0.23436,5.09049
-0.54647,-1.28278,-1.17334,1.14065,-1.98405
-0.94405,-1.92502,-0.10841,-0.94538,-2.79787
0.58469,0.92896,0.73969,-0.30477,2.45346
0.15354,1.14328,-1.76174,0.79933,1.05733
0.87672,1.09264,-0.38392,1.08367,5.23414
-0.98318,-0.64264,0.09482,0.17285,0.25409
-0.69221,0.18253,0.30395,2.21492,4.04418
1.50255,0.39308,0.94908,-0.33041,3.19387
-1.14954,-0.31444,-0.08539,0.76882,1.18778
0.28151,-0.64624,-0.93441,-0.74282,-0.78355
-1.06001,-0.53341,0.15752,-0.35059,-1.20791
-0.47715,-0.11833,-1.36917,1.3361,1.70889
-0.27985,-0.43192,-1.59355,0.40021,-0.12177
-0.94481,0.88733,0.62158,-0.32613,-0.92555
-1.29713,0.41603,0.42226,0.7132,2.07455
-0.54848,1.52965,-0.3193,-0.5787,2.31997
0.94936,2.25334,-1.46145,-1.45668,0.42015
-2.16568,0.38291,-0.99276,0.89333,-2.01211
-1.45102,0.8607,-0.71065,-0.52756,-0.51656
0.45325,-2.21343,1.46668,-0.31644,-0.42932
2.22056,0.00071,1.03076,-0.11834,3.48088
1.83534,-0.05762,0.56892,0.53522,4.46324
1.65556,1.47267,-1.10779,0.52823,3.07283
0.20805,-0.94385,0.56726,-1.03272,0.70949
1.2634,-0.24997,0.13258,0.04925,4.31555
-1.11858,0.40807,-0.94961,1.12607,-1.08134
-0.54083,-0.35972,1.18853,0.8255,2.51792
1.9038,-0.49844,-0.55563,0.07086,4.24853
1.58225,2.02124,-1.85657,0.12859,1.51551
-1.57102,2.06046,0.97906,-0.11644,4.43615
-1.17617,0.88201,-0.67335,-0.74199,0.65708
0.53972,-1.35334,0.73007,-0.19533,1.80835
-0.15704,1.4893,1.45957,-0.92534,1.87553
-0.51442,0.71698,0.24392,0.36454,4.31776
-0.25235,1.96019,0.57674,-1.97627,0.76312
-1.13766,-0.09732,-0.14216,-1.93838,-3.02292
-0.44729,-0.9199,-0.34358,-0.95736,-3.04384
1.01392,0.44274,-0.16438,0.02492,2.43987
-0.23161,0.46335,0.50975,-0.9171,0.32752
0.71399,-1.27891,0.21771,-1.369,-0.06274
-0.82551,-1.92777,1.16414,-1.184,-0.42443
-0.63883,-0.47159,0.87132,-0.54598,0.56043
0.62259,-2.11054,0.08815,1.37755,0.80736
1.15475,1.41039,-0.30044,-0.79179,1.11014
-1.17137,-1.46698,-0.5733,-0.56495,-2.80654
0.32911,0.34854,-0.02209,1.95829,5.38706
0.02479,1.97645,-0.09611,0.29714,2.39993
0.12519,-0.69409,0.0641,-0.70236,1.20636
0.95372,-0.79235,-3.30014,0.44355,-3.1927
-1.3631,1.07039,0.15977,-0.75663,-0.62589
-0.6312,0.77681,-0.18638,-0.15703,0.87664
-0.00559,-0.38215,1.07507,0.45233,1.55761
-1.22647,-0.27223,1.44741,-0.33469,-0.10956
0.86704,-0.63804,-1.66972,-2.49122,-3.22221
0.92341,0.71571,-0.03429,-0.37547,-0.1023
-1.02915,-0.71661,-0.1726,0.97773,-0.44894
-1.89951,-0.34451,1.60031,2.34007,2.0944
-0.9179,-0.27909,-0.24148,-0.60186,-2.28636
1.63969,-1.43985,1.46705,0.6537,2.17544
-1.4199,0.0249,0.11665,-1.12638,-2.1247
1.14445,0.66979,-1.35047,1.51988,2.77661
-1.5651,1.13653,0.06586,-1.01453,-0.38627
1.65612,-0.47018,-0.92727,0.3031,1.6251
0.63289,-0.32106,-0.9913,2.0973,4.3073
0.15319,-0.66506,-0.12059,0.47984,2.56462
1.28881,0.41077,-1.80118,0.75612,1.57207
-0.7441,0.60516,0.32543,-0.37703,2.037
1.09891,1.25706,-1.14685,0.214,2.06531
-1.81886,0.23743,-0.24718,0.50182,1.30955
-0.13016,-0.34623,0.91505,-0.19029,2.42171
-0.43462,0.39928,0.31153,-0.78928,1.83746
-2.14235,-0.30044,2.5633,-1.9698,-1.14098
0.91444,-1.28376,-0.00531,0.02209,0.27809
1.11594,-0.46946,-0.7651,0.95698,0.29373
-1.34716,1.87362,-1.21691,1.16916,4.82899
0.98696,0.81199,0.21445,-0.01031,2.16364
-3.64469,-1.30699,0.1811,-0.23481,-3.95353
-0.50133,-0.24022,-0.90746,-0.09902,-2.07025
1.61002,-0.04806,0.48108,1.2535,6.21022
-2.63387,0.47067,-1.19621,-0.35988,-2.37662
-0.36497,0.13966,-0.22172,-0.51073,0.90231
0.34859,-0.10901,-0.01834,0.10213,1.37877
-2.31411,0.12323,-0.59561,-0.63685,-2.16923
1.08835,0.74323,-2.83467,-1.39121,-0.67866
0.54494,0.8396,-0.61257,0.23259,3.00432
-0.1788,2.30888,-0.75633,0.00592,3.40421
0.26923,-0.91905,0.90116,-1.04479,1.69934
0.87728,0.90863,-0.55585,-0.67926,1.13567
-1.21086,0.3369,1.04805,0.54041,1.5832
0.62454,-1.85652,0.6805,-1.0368,-1.74421
-1.73676,0.21669,0.08056,-1.43093,-2.38407
0.80802,0.03627,1.42342,-1.97289,1.62178
-1.04451,-0.77883,0.32339,0.00175,1.07794
1.37286,-0.50578,1.0743,0.28694,3.11544
-0.64119,2.02053,-0.2328,-1.06833,2.57655
-1.92697,1.1264,0.92067,-0.56081,1.01915
1.61397,-1.27659,0.85874,-1.70425,0.98354
-1.28097,-0.84198,-0.63917,0.26424,-2.24679
-0.35436,-1.23726,-0.5084,-0.50977,-0.49729
-0.16108,-0.04666,-2.10701,0.50712,-1.13175
-0.33266,-1.96603,-0.82382,0.72068,-1.76592
-0.06742,-1.1485,-1.06575,0.31808,-1.35784
0.49838,-1.03671,-2.1818,-0.77019,-1.29153
-0.94924,3.09056,1.6187,-0.12525,6.93445
0.06371,0.78787,0.36555,0.71514,4.84039
0.69039,0.67414,0.03734,0.66307,1.27617
-0.20298,0.5841,0.33498,-0.12401,3.22315
1.54701,0.8048,2.3435,-0.02015,7.45091
0.81853,-1.43125,0.39514,0.93834,1.09543
-0.79751,0.14678,0.98078,0.64424,0.83057
0.08948,0.66182,1.09452,0.04575,2.36321
0.69427,-0.82014,-0.34507,0.32873,0.68803
0.62508,0.25908,0.88938,-0.93559,1.18832
1.81411,-0.1577,0.47783,0.0139,1.30306
-0.26458,1.66411,-1.05124,0.37713,2.16794
-0.21251,0.84458,0.26702,-0.86716,1.01543
-1.34746,1.46588,0.3933,-0.66878,-0.88019
-1.06605,0.42237,-1.45803,-1.66972,-2.26706
-0.24106,-1.68,0.27413,-1.42215,-2.31504
-0.66511,1.12671,0.65796,-0.73267,1.53544
1.35108,-1.34128,-0.6019,0.63845,2.15572
-0.24796,-2.76085,-1.40856,-0.87775,-5.56238
0.33212,1.97705,1.26803,-0.02507,4.03797
1.35629,-0.40898,0.91422,0.8141,6.07945
0.17765,1.46897,-0.2899,0.94505,5.11526
0.96233,2.30483,2.042,-0.50834,6.82685
0.07957,0.13901,-0.2092,0.32607,0.43322
0.58006,0.50921,0.4829,-2.06549,1.3894
-0.37518,1.32718,-0.00431,-0.74128,2.27484
0.29792,1.53531,1.41935,0.45104,4.08185
0.91407,-0.07558,0.34477,0.58521,2.38009
0.15902,0.85178,-1.7281,1.4455,1.70829
-1.23368,-0.92565,-0.51182,-0.26614,-3.056
-0.24408,0.78753,0.15701,0.8015,0.89154
0.00634,-0.28019,0.26166,0.29804,1.33123
-0.71998,-0.80547,2.28604,1.14674,2.4981
-0.5799,-0.07247,-4.2414,0.13287,-4.10229
0.59709,1.1386,-0.20615,1.68596,2.91854
-0.84723,-1.57179,0.39719,-0.25058,-0.86326
-0.44442,0.32661,1.07047,2.35459,3.21715
-1.31768,0.5722,-0.27036,0.85885,-1.36629
-0.21284,-0.72343,0.29293,0.78248,1.05582
-1.36661,0.93907,-0.11774,-0.06623,1.25472
0.80264,-0.11458,1.30869,0.64546,3.34417
-1.07284,-1.82657,-1.49275,-0.06827,-3.16295
0.56986,-0.62135,0.31908,0.58084,2.96213
-0.55045,-0.50369,0.12969,-0.2302,0.33251
0.04537,1.03625,0.15023,0.10792,1.42178
1.9729,0.27044,0.88042,0.36487,3.63696
-1.35986,1.05929,0.0677,2.13005,2.03571
-0.76751,0.12113,-0.53774,0.19235,-0.54793
-0.57507,-1.3547,-0.48243,0.52397,-0.70004
2.07141,0.40069,-0.57755,-0.63377,2.2822
0.57975,0.07345,0.35515,-1.62089,-0.90866
-0.48014,-1.02862,-0.0468,0.89354,1.53614
-1.74056,-0.26445,0.00799,0.32165,-1.22176
-0.8265,-1.62867,-0.78249,-1.17381,-1.89135
0.47021,0.81542,-0.26764,-1.20886,1.75389
-0.13673,-1.4167,-1.10355,-2.06791,-0.40344
1.25707,0.26536,0.14013,-0.66624,2.68359
-0.41045,-1.22216,-1.29294,1.56026,2.00652
0.44088,-1.05175,0.11269,0.69119,-0.1075
0.76472,-0.40376,0.24229,-0.03275,0.48408
-0.24805,-0.74543,-1.42178,0.8022,-0.58586
0.52361,-0.71744,-1.97716,-0.87289,-0.8912
-1.0941,-0.44475,-0.53666,-0.01917,-1.49717
-1.58032,-2.42008,0.3349,-1.12306,-5.10521
-0.46088,-0.2539,0.68459,0.14067,0.81731
-0.91066,-1.18614,1.80548,-0.80208,1.67092
0.89658,0.7919,0.11462,-0.79316,0.94487
-0.16255,-2.31759,0.75099,-0.90053,-1.34814
1.21278,-0.59347,-0.48623,-1.73693,-1.03525
-0.55398,-1.05995,-0.03058,0.98703,0.32193
-0.45457,-1.20397,-0.62142,0.05063,-1.57987
-0.93638,-0.6664,-1.38922,0.02889,-2.77
-1.52948,-0.62265,-2.04864,2.20899,0.04417
0.37324,-0.2789,-0.13592,-0.33305,0.76641
-1.51806,-0.8723,1.25392,0.56554,-1.80119
-0.30203,-1.24607,0.43321,-0.35039,-0.35471
1.39166,-0.82308,-1.30313,-0.77028,-1.0516
0.81626,1.37404,-0.92387,1.62809,4.06605
0.32195,1.40179,0.60376,-1.55155,1.85761
0.88201,-0.64349,-2.04028,-0.12012,-2.13264
0.66847,0.54555,0.41219,-0.01939,3.81571
-1.86249,-0.93099,1.67163,-0.33959,1.16319
-0.39651,-0.44482,-0.59845,-1.73424,-1.71079
1.10864,-0.69053,2.5182,0.98323,5.23393
-1.07624,-1.73099,0.8411,-1.2412,-0.28086
-0.75178,-1.43465,-0.23424,0.03068,-2.65523
-2.85094,-0.52009,0.25577,0.05355,-0.29109
0.34156,0.30821,0.86711,1.72493,4.68648
0.54458,0.50796,-2.73696,0.30372,-1.07943
-0.2094,-0.8884,0.48285,-0.1037,-0.35347
0.58005,1.20712,-0.40768,-0.04145,0.18022
-0.16739,1.33374,0.10869,1.68241,4.08716
-1.69668,-1.05465,0.36116,-0.12943,-1.4497
0.60808,0.43217,-1.60461,0.0767,0.68378
-2.11873,-0.63834,-1.07519,0.91501,-1.02322
0.56262,0.11749,-0.6895,-1.40573,-1.79235
1.38294,0.0644,-1.55879,0.04502,0.91675
0.09215,1.26615,0.58298,0.34069,4.58012
0.96334,0.38137,-0.50017,0.03656,2.12499
1.55495,2.06145,-1.18383,-0.87178,1.97871
-0.52395,-2.88853,-1.22458,0.37184,-3.88597
-0.97177,-0.25376,1.05204,2.15122,3.03637
0.22119,0.22067,1.92373,-0.41305,3.4013
0.87738,1.05926,-0.82048,0.18115,1.17896
-0.0585,-1.16295,-0.60782,0.28794,0.76112
0.97596,-0.46855,-0.51652,1.63531,0.51263
1.00578,-0.68057,0.65968,0.35871,-0.14499
-0.41398,0.92585,1.04369,0.96395,4.03733
-0.96936,-1.77579,-0.17991,1.5547,-1.19593
0.86328,-1.00295,-0.80455,0.14854,2.40717
-1.12556,0.86682,0.46146,-1.13392,-1.93589
-0.08851,-0.87135,0.59964,0.09781,-0.1591
-2.06572,-0.74808,0.71673,-0.27833,-0.94986
0.286,-0.60007,-2.74153,0.48654,-1.88021
-1.41181,0.89601,1.24338,0.67967,3.60254
0.23562,-0.8476,0.6025,-0.1299,-0.31022
-0.05407,-1.3587,-0.12923,-0.76249,-0.23056
-0.11068,0.56718,0.114,0.3677,1.79963
1.94408,-0.8002,-0.26819,0.8837,2.06595
-0.4684,0.54271,0.57883,0.74269,2.47896
-0.12574,-0.72792,1.21103,-0.01704,-0.16221
1.35252,0.04423,0.50972,1.21816,2.28856
-2.2775,-1.16206,-0.46309,1.69931,-0.01136
-0.69479,-0.80981,0.42624,0.72489,2.92954
0.66686,-0.84952,-0.11592,-1.20909,-1.20663
1.12269,0.26593,-2.38684,0.22728,-0.09153
2.15953,1.21216,-1.58886,-0.29352,0.12603
1.01386,1.31701,1.82831,1.10241,5.67841
-0.38075,1.0165,1.78354,-1.1721,2.09313
0.81428,1.56571,-0.19414,-1.98106,2.9052
2.76956,0.94873,0.92507,-1.36249,3.8954
-1.04227,1.38999,-1.42188,1.49824,-0.02197
0.37429,-0.50927,-0.31937,0.24109,1.96494
-1.06079,0.81487,0.16146,-0.71785,0.10013
-0.57622,0.99,-1.34852,0.15301,0.4497
0.42373,-0.15937,-1.33644,0.13752,1.08824
1.38934,-0.49903,-0.47704,-0.62406,0.41505
-1.94271,0.02486,-0.87399,-0.50146,-2.23304
0.79111,0.44094,-0.10527,-0.68387,0.39169
-0.37578,1.05226,1.02777,-0.65544,-0.43742
-2.27132,-0.01395,0.16599,1.36624,-0.11424
0.95522,-1.54365,0.18417,1.05512,2.84613
2.1053,-0.34062,-1.81864,-1.32913,0.01396
0.41473,1.03729,-0.57821,-0.42408,1.813
1.62753,-0.25045,-1.1996,0.5044,1.70964
0.20433,-0.31638,-0.89892,0.12835,-0.10636
-0.74048,-1.90436,-0.01396,-2.29526,-3.97455
1.44979,0.68383,0.1435,-1.36254,2.48617
0.23985,-1.19262,-0.25508,1.28586,1.09842
1.15803,0.40676,1.46798,-0.62794,0.77409
0.09515,-0.92464,0.32129,-0.26626,1.18435
0.11561,0.35271,-0.77961,1.11715,2.05562
-0.1026,-0.368,-0.62573,-0.74271,-0.74173
2.57108,0.51976,0.25003,-0.44343,5.21293
-0.55135,-0.60686,1.86575,0.13961,2.37104
0.57002,-0.36226,-1.37919,-0.65,1.32066
1.35565,-1.69402,0.62743,-1.03597,2.55321
-0.22963,1.12272,0.53108,-0.50802,3.18622
-0.08415,0.39091,-2.1813,3.06393,1.14285
-1.12096,0.54497,-0.60452,0.92162,1.33172
-1.00522,0.29178,-1.59506,-0.33537,-1.44763
-0.19732,0.00767,-0.12422,0.51913,1.10218
-0.24248,0.04269,-0.24832,0.5491,3.98501
0.76744,0.64541,-0.67446,-0.10171,2.12674
0.06911,0.68293,-0.16027,-1.2346,-0.70778
-1.64964,-1.28037,-1.87361,-0.1719,-4.32102
0.2423,-0.21666,1.63142,0.86816,3.06151
1.59346,-1.41974,-0.76627,0.23123,0.94805
1.10499,1.19566,0.00675,0.23311,2.17384
-1.33896,-1.71263,0.60735,-1.15396,-2.15144
0.62217,-0.02409,-0.3312,-0.23371,1.36205
-0.12013,-0.4816,0.27284,-1.02498,0.81081
0.22174,1.59714,0.0659,-0.97266,1.7206
0.76451,-0.47232,1.33856,0.87077,5.42217
0.62757,-1.04969,-0.1467,-0.61814,-0.7651
-0.4788,1.0592,0.54221,-1.85459,1.15695
1.12805,-1.01323,0.27175,1.95838,4.1112
-0.51513,-1.55939,-0.39101,-1.10609,-3.60961
1.02653,-0.59898,0.04137,0.48718,1.92072
-0.62627,1.17095,0.52833,-0.0968,4.46079
-0.61165,-2.00933,0.76439,-1.11851,-4.22457
-0.02808,1.51508,-0.58777,0.41376,1.71676
1.32665,0.87529,0.38262,0.2328,5.08107
-1.36155,0.67765,0.00491,0.52049,2.207
1.4805,0.58164,-0.05885,-0.10055,2.30331
0.77519,-1.24459,0.81321,-0.79457,2.50847
-0.46303,-2.50812,2.02573,0.38719,0.36637
0.50215,-1.8682,3.09968,-1.12989,2.11147
1.23977,0.19901,-0.2352,1.03465,3.27588
-0.08544,0.55167,0.00039,1.41464,2.91286
-0.69806,1.54747,-0.53091,0.91513,3.77233
1.02501,-1.23665,0.20279,0.20035,0.5895
0.82427,0.77758,2.13063,-0.71565,4.32701
3.15349,-1.06832,0.22861,-1.39092,2.14155
-0.24654,-0.34613,-0.79404,-0.5414,-1.063
-0.92214,-0.03495,-1.3736,0.40791,-1.63382
-0.71226,0.2513,0.72783,-0.39481,-0.07143
-0.74912,0.41898,0.50726,0.66964,1.74048
0.22882,2.08129,1.49318,-1.45662,3.56587
1.02894,-0.00265,-1.895,1.27142,1.6382
-0.13808,1.36914,-0.35753,-0.45259,2.57575
1.18064,0.15199,-0.70717,0.27089,0.44489
0.98865,-0.00199,-1.15753,-1.20746,-0.14756
2.41864,-1.08361,1.00216,-1.41856,1.87953
0.2094,0.38203,1.25905,2.39115,4.25609
-0.9843,0.27895,0.55963,-0.01882,1.62776
1.35389,0.03868,-2.06398,-0.12433,2.24861
1.01764,0.85546,-0.13371,0.39217,3.12168
0.97967,1.52059,0.64512,0.1681,3.80322
-0.06541,-0.00791,-0.18926,1.29154,1.81659
-0.46079,-1.68808,-0.25186,-0.74587,-1.24026
-1.17694,-0.30425,-1.6856,-0.79082,-3.27754
0.27913,1.72088,0.44814,-1.211,2.76602
0.5977,-0.09001,0.71799,0.19344,2.06514
0.14502,0.10601,-0.72349,2.16161,2.1832
0.43221,1.1474,0.61305,-0.57078,3.04191
0.93404,1.22994,0.01626,-0.50272,3.13307
1.9725,-0.60082,0.22983,1.04131,3.54758
0.2404,0.2751,0.64676,0.65897,3.10338
-0.44364,-0.73285,0.55116,0.46002,1.51722
0.86543,0.19119,-1.42094,-0.09273,-0.26515
0.08336,-0.37665,0.70083,-0.49179,0.81299
1.02445,-0.49725,1.26241,-0.60449,1.10023
-0.02388,0.03054,-0.03637,-1.36005,-1.24707
0.62936,0.00992,-1.28532,-0.27522,-1.14953
0.02093,1.22047,0.54295,0.49007,4.59777
-0.6901,0.47734,0.02542,0.35236,-0.71003
0.50626,2.41896,1.17613,-0.50083,7.74189
-0.42769,-0.03023,0.483,1.33969,3.59077
0.25866,-0.1879,-1.69865,0.18503,0.2058
-0.38022,0.92546,0.55515,0.49125,3.44598
0.32097,1.70323,0.53674,-1.11527,2.00081
0.16413,-0.9514,-0.69193,0.13379,-1.61793
-0.22419,1.75892,0.63704,0.55203,3.1421
-2.41067,-0.11511,1.24505,0.32922,-0.85371
1.12672,-0.12394,-0.97578,0.35229,1.33614
0.80363,0.41985,0.42053,0.60198,4.53315
-0.73403,-0.76866,0.321,0.3575,0.48026
0.03506,-0.75728,0.62599,0.74236,0.8169
0.00799,1.04166,0.5299,1.35392,4.43796
2.47109,0.94155,-0.31906,-0.77815,4.21475
0.21391,-0.02351,0.20702,0.17523,1.41893
0.34275,1.37181,-0.40739,1.84574,4.54918
1.27778,-0.05306,0.50763,-0.14549,2.09557
2.72655,0.79112,2.40944,-0.0145,4.62782
-0.85581,0.31221,-0.25666,-0.9337,-0.92923
0.37446,-0.7104,0.21271,1.30475,1.08154
0.37643,1.15158,-0.36837,0.18626,3.25824
0.77167,1.52386,0.41613,0.5741,3.01617
0.2433,1.04078,1.34724,-0.7418,2.79201
-0.73408,0.51195,1.31829,-0.25664,1.87114
0.18893,-0.2731,0.86274,1.25194,3.33479
0.68757,-0.43964,0.13137,0.091,-0.37946
-1.52376,-0.55434,-0.23368,0.4618,-0.87503
-0.11357,0.25913,-0.83435,1.01255,1.12031
1.3147,-0.40962,-0.42779,-0.6488,-0.47081
-1.07613,-0.67657,-1.4951,1.44708,-0.96708
-0.41596,-0.8673,-1.06824,0.29503,-0.56731
-0.63474,-0.79806,-0.56806,-0.5291,-0.32718
-0.86355,-0.0019,1.53639,0.76334,3.77251
0.9329,-1.42791,0.08648,0.38595,0.30832
-0.94263,-0.97688,-0.58479,-1.05849,-0.97419
-0.99203,0.56528,-0.16173,-1.70393,-1.10293
0.57929,-1.26171,1.11428,-0.06701,1.81969
-0.2461,-0.5022,0.60953,-0.795,-1.68833
-1.56475,0.09095,-0.21716,-0.19112,-0.10137
-0.82497,-1.81618,0.39969,0.743,-1.92547
0.08188,1.67945,-0.55958,-0.6536,0.5577
-0.64557,-0.93781,-1.48517,-0.88911,-3.08133
0.39444,-0.61123,-0.43376,-0.16243,-1.15111
-0.86568,0.41346,1.3435,-0.20717,0.61987
-0.59765,-1.51247,0.27058,-0.71137,-1.96391
0.56526,-0.05234,-0.42768,0.97282,2.37695
1.02703,0.0749,-1.31756,-1.84849,-0.81792
0.3948,0.80073,-1.19679,0.4526,3.01186
0.12254,-0.64295,0.5687,-0.4243,0.72712
1.48206,0.17012,-0.06667,-2.0956,1.17624
-1.9336,1.79369,-0.03902,-0.36323,-1.19782
0.34374,1.67818,0.92292,1.25625,6.06741
-0.08145,0.35269,0.59614,1.43502,3.54104
0.25208,1.75484,0.8539,0.62641,4.76567
-0.50959,-0.91496,0.71781,0.18593,1.21178
0.79827,0.78771,0.6142,1.37677,3.8614
1.11098,0.92818,0.76416,-0.39995,3.85524
0.13203,-0.19808,-0.82038,-0.8701,-1.07554
0.19229,-0.61329,-1.55516,1.46855,1.93452
-0.77652,-0.47478,-0.51322,-0.05046,-0.8157
0.30244,1.79095,-0.89558,1.95407,3.84371
0.90273,-0.63192,-0.43834,-1.89505,-0.34937
0.80482,0.45875,-0.32019,0.15348,2.87043
0.54828,-0.47968,-0.22699,1.36077,2.461
-0.56677,1.44714,1.58245,-0.52605,0.8035
0.23922,-0.313,-1.05209,-1.47362,-1.15893
-0.03574,-0.26497,0.90965,-0.7867,1.86915
-0.70249,1.67054,-0.49889,0.51605,2.72057
0.93295,-0.24146,-0.85372,-1.18869,-0.85488
-2.49764,0.32739,-1.34224,0.12037,-3.07914
0.14706,0.64391,-0.43066,-0.76345,0.82716
0.93293,-0.51976,1.30064,0.66875,3.81969
1.14402,1.74359,0.52296,0.3942,5.79076
0.60098,0.12873,-2.03942,-1.54353,-2.13037
-1.72725,-1.29922,-0.6444,0.51458,-1.33581
-0.38972,-1.17783,1.59755,1.16906,2.65475
0.03788,-0.85882,0.96177,2.32996,3.11397
-1.22539,-0.17115,0.16913,0.3807,1.14105
-1.38294,0.29893,-1.35737,-1.83056,-2.46221
1.38163,-0.7632,-0.34174,0.38575,0.90236
-1.46449,0.85041,0.60759,0.81764,1.59784
0.28319,0.89359,1.78592,-0.18284,4.35455
1.2272,0.40043,-0.65479,0.2431,2.77581
0.7009,1.21452,-1.03914,0.43692,1.28889
-0.66942,0.13928,-0.39674,1.3811,0.767
0.8591,-0.2265,-0.81304,-1.28935,0.79591
1.01244,0.42789,0.60883,-0.24229,1.69249
1.10428,-0.10947,-0.38944,0.2709,0.33484
-0.03942,0.26681,-0.38307,-0.77832,-0.17399
-0.30214,-0.89071,0.87504,1.12453,2.10161
-0.35382,-0.58838,1.0575,-0.52119,1.89447
0.48718,-0.59333,0.90295,-0.72115,0.51514
0.20537,0.49602,0.25236,-0.28879,0.76174
-0.43502,0.50364,-0.60215,1.48062,1.71442
1.80006,-0.1918,-0.76941,1.27246,2.62086
-1.27239,-0.65902,-0.33733,-1.1468,-2.01364
0.46311,-0.64594,0.15311,-1.71642,-1.35192
-0.9596,-0.13324,-0.1403,-0.26992,-1.38737
-1.20126,-0.03661,-1.28622,-0.26883,-0.15913
-2.90855,-1.04517,0.26727,-1.22657,-4.59088
2.25203,0.87922,-1.14723,1.04037,3.1372
1.46895,-0.04402,0.78664,2.33263,4.27006
-1.44445,0.03048,-0.38093,0.57339,-0.97121
-1.23304,0.35791,1.62713,-0.38881,0.80602
-1.20037,-0.1923,0.80489,0.67141,0.8427
-0.3956,1.55981,-0.13193,0.65576,4.03996
-0.31309,0.77826,0.27306,-0.68508,0.0868
0.61565,-0.64001,1.20527,0.03756,2.21538
-0.35748,-0.41397,-1.00843,0.15814,-0.13431
-1.26726,-0.26868,2.27187,0.56454,3.13949
-1.15028,1.13261,0.00599,-2.32803,-1.38295
-0.79822,1.22073,0.87639,0.14827,2.40955
-0.03639,0.15049,0.75876,0.31974,3.18615
2.00445,-0.70831,-0.73565,-0.34463,2.26
-0.59207,-1.16273,-1.65354,-0.75808,-2.62363
1.97264,0.34313,0.53695,-0.96242,3.0094
-1.62884,0.72759,-0.09989,-1.14576,-0.84221
-1.08631,-0.81205,0.40068,-0.82679,-1.03716
0.19886,1.11643,-0.3145,1.73563,4.25766
-1.24014,-0.03545,0.24926,1.14549,2.57993
0.11487,1.18616,-0.1568,-0.15064,1.93971
-2.14547,0.18482,0.58776,-0.59882,-1.10973
-0.20944,-0.52806,0.14004,-0.707,-1.40098
-0.52318,0.85566,-1.15239,0.74939,-0.47497
1.71014,-1.15172,-0.95919,0.0819,2.04829
-1.32854,0.69294,1.57227,-0.39847,0.84898
-0.85604,1.19933,-0.02001,1.32465,2.71562
0.32898,-0.69397,1.93413,-0.20495,2.86331
-0.36688,-1.05119,1.69435,-0.1897,0.80773
0.90037,1.61878,0.15239,-0.55797,2.84388
1.0369,-2.25856,0.73299,0.26039,3.13644
0.89794,-0.65604,1.52755,-0.01958,3.97761
-0.34857,-0.37555,0.54343,1.09854,1.79086
0.56826,-1.38192,1.83206,0.7479,3.2406
0.05993,0.17858,0.62116,-1.43787,1.21659
0.52695,0.37544,0.01967,0.77584,2.59728
1.58953,1.96621,-1.15599,-0.06723,3.80729
-0.53952,-0.57005,0.04562,-0.26033,0.13604
1.62243,0.10664,0.15893,1.06603,4.61792
-0.61803,-2.17207,0.46727,0.88374,-0.04234
1.57967,2.33245,1.50582,0.33332,7.56318
-0.27786,0.63806,-0.04734,-1.08485,1.7812
0.03648,-0.21555,-0.8067,-0.45057,0.0934
0.989,0.20191,-1.82283,-0.54273,1.34791
-0.21344,1.09919,1.87243,-0.61854,2.08143
-0.56463,-0.52271,0.78771,1.33685,1.87284
0.0696,-0.00475,-0.05239,0.2213,0.56864
-0.08387,-0.51385,-0.11273,0.9507,-0.43802
0.32156,-1.5106,-0.59255,-0.43729,-0.3621
-1.07136,0.6563,0.05035,0.39903,-1.12208
0.08915,2.06942,0.4507,0.30505,4.35519
-0.04619,0.11708,-1.13204,0.27624,-0.32111
0.51397,-0.03821,0.33546,1.05627,2.57021
0.56019,-0.1956,-0.59333,-0.44087,1.11051
-0.48133,0.87957,0.67318,-1.33128,0.4897
-0.34207,-2.02876,-0.5073,0.27445,-1.88793
0.83039,2.10889,0.1007,0.87108,4.8089
1.38279,-0.14033,-1.49876,-0.52581,0.82527
-0.24308,-1.89023,-1.62188,-2.40698,-3.40077
-0.38793,-0.29776,-1.25133,-0.68637,-3.01374
-0.93102,1.12221,-1.38918,-0.84141,-0.66048
0.45753,-0.09242,-0.7632,-2.04308,-0.5482
0.54808,0.34181,0.11438,0.2591,1.35271
0.37823,-1.07271,-1.66397,0.07817,-1.6072
0.25857,0.92708,-0.32761,0.2503,1.49666
-0.28633,-0.83737,-1.37773,0.14677,-1.33237
-0.21113,1.05111,-0.18548,-0.43863,0.36596
0.11325,-0.5222,-1.4371,-0.85618,-1.72999
-0.07634,-1.93991,0.20401,-1.37218,-1.77693
-1.91744,1.48608,0.74698,0.87851,1.64304
-0.42312,-0.6302,-0.61211,-0.44781,0.61116
2.02547,0.73944,1.077,-0.37488,4.14968
-1.21182,0.2673,0.93418,0.60384,3.27021
0.16157,1.19496,2.20505,0.3637,3.89987
-0.86916,0.68464,0.85232,0.84491,2.96091
0.26139,-1.99466,-1.60305,2.14484,0.61803
-1.1148,-0.04058,-2.28221,-0.74391,-2.13392
-0.0315,-0.39711,-1.01659,-1.45707,-2.24503
-0.08596,-0.63562,0.15629,-1.26574,-2.22918
-1.68956,1.00462,0.31761,-0.15408,0.75414
-0.03131,-2.3264,1.53293,-0.17911,-0.36778
0.82958,1.31284,0.42624,-0.0612,4.03441
0.04852,0.20591,-0.61159,-1.43162,-1.77199
-0.98116,0.01944,0.53086,-1.64964,-1.57959
-1.08746,0.34488,0.87269,-1.33418,-0.72788
0.7986,-0.27749,0.11339,0.6441,1.7448
-0.85527,2.02019,-1.04414,0.67292,2.50019
1.38894,-0.35242,-0.38861,0.46776,2.79177
-1.46026,-1.39391,-1.15704,0.86632,-4.53892
1.46766,0.16181,-1.24634,-0.01667,0.13552
-0.1249,-0.25627,1.72358,0.27612,2.23791
1.36033,-0.1714,1.13776,-0.58709,0.46652
2.23438,-0.21018,3.01603,0.96859,6.57618
1.52078,0.54952,-0.26171,-0.78424,2.56729
-0.97909,1.55072,-0.60916,-1.71928,-0.84744
0.05095,-1.14928,0.95764,0.45067,0.80162
1.01717,1.23282,-0.45981,-0.53818,1.7174
-0.82695,-1.03917,-1.01042,0.89419,-0.80926
-1.0386,2.0932,-0.49014,-1.80536,0.24925
-0.6078,1.4267,1.63432,-1.73859,2.58247
-2.49049,1.40446,1.29439,-0.84935,0.10415
0.91549,0.17458,0.28087,-0.7587,2.41527
0.30249,-1.52959,-0.24912,1.10637,0.50223
-0.99405,-1.3384,0.20186,0.03639,-2.27389
0.27808,-0.86948,0.27699,0.37168,0.9673
0.27711,0.50381,-1.21415,-0.59521,-1.50368
1.64327,-0.42711,-0.77119,1.76199,3.31702
0.23024,0.52335,-0.61991,0.71408,1.70065
1.70886,1.37828,1.88618,-0.21573,6.35411
1.44942,0.52199,-0.95264,0.23376,2.28498
-0.74949,2.21428,0.17268,-0.97757,0.93427
-0.83276,0.22802,2.19811,-0.08376,2.46219
0.38022,0.63356,0.77759,-0.37542,4.13646
1.24455,-0.03795,0.87862,0.41797,4.54024
0.37926,1.14418,-2.81,1.2385,1.05327
-0.8822,-1.00354,-0.42022,-0.70502,-0.19533
0.33587,1.09863,-0.4755,-1.0879,1.18702
0.65619,-0.20821,-0.01012,0.26917,2.81664
-0.45848,0.73309,-0.79569,0.14977,-0.92934
-0.70491,-0.14409,0.56076,-0.63394,-1.86918
-0.20344,0.68348,0.87312,0.37848,2.87345
0.465,-0.56667,0.63112,-0.83456,1.44266
-0.78423,-0.36617,-0.23226,-0.82348,-1.9269
-1.25063,-1.86215,0.78089,-0.28624,-1.825
0.69153,0.10425,0.473,-1.44346,1.53995
-1.20786,-0.16274,-0.37495,-0.43438,-1.15399
2.2106,0.25807,-0.74175,-0.57338,1.75206
-0.83057,-2.05704,-0.74303,-0.23326,-3.90101
0.11296,0.12085,1.52509,-2.28542,-0.74011
-0.16512,-0.45918,-0.6979,0.38752,-0.87952
-0.29616,-0.36404,0.94744,1.01102,3.63415
-2.13607,1.0811,1.12562,1.02175,3.48712
-1.3722,0.06707,0.31603,-0.44456,-1.38009
0.93692,1.17598,1.1555,1.14092,4.27275
-0.72757,-0.59722,-0.01896,-0.47553,-2.97713
2.47842,-1.95648,-1.25774,0.70087,0.97467
1.06463,-0.19622,-0.41406,0.89011,-0.6882
1.48742,1.24574,-0.12234,-1.57512,2.82419
-1.12173,-0.729,-1.76581,1.24269,-0.7576
-1.75784,-0.06441,-0.5468,0.96371,-0.83175
0.1018,0.31744,0.63097,1.14542,3.53552
-0.75982,0.98943,1.13222,1.48739,3.63296
-0.05787,0.19783,0.23551,1.30234,2.01421
2.58211,-0.00473,1.12271,1.83355,6.08813
-1.54211,-1.58333,1.71215,-1.45255,-2.78484
1.91016,-0.99332,0.55968,-0.80065,1.19156
1.56476,-0.54129,-0.55416,0.0719,3.5616
1.10938,-0.77722,-0.28495,-0.31643,0.93414
-2.92903,-0.53257,0.92936,0.16286,-1.3195
-1.20362,-1.63479,0.05362,-1.18384,-0.29583
-0.42884,0.77988,-1.06908,2.36962,1.93642
0.32069,-1.37094,-0.43559,1.08205,0.72027
-1.27422,-0.07242,0.2769,1.17656,0.07309
0.53236,-1.1199,-0.3598,-1.44686,-0.62595
2.30414,0.23972,-2.06898,1.16019,2.94295
-0.12897,-0.34081,-1.62997,-0.95258,-0.62991
-0.4399,2.1171,-1.49042,3.77417,4.45102
0.52654,-0.94147,1.45155,1.30424,4.34962
0.17301,-0.1514,-0.04624,-0.47623,-0.25696
1.63228,0.33772,0.83292,-1.18273,2.54294
1.88006,-1.34116,-0.56292,2.10079,2.82253
0.44991,-0.06063,-1.12639,-1.47942,-1.83157
-0.39318,-0.58005,-1.25596,-0.87816,-2.99429
-1.53552,-0.35811,-1.36962,0.24507,-3.632
-0.52821,0.45428,0.745,0.1826,1.28803
1.52285,-0.72682,-0.06133,-2.8851,-1.55591
-1.5025,0.16659,-0.85382,-1.34458,-2.30238
0.51406,1.26986,0.62913,-0.21595,1.23767
-0.86261,1.10349,-2.50202,1.4405,1.87959
-0.43645,-1.50669,2.52665,-2.04532,-0.07933
-0.63252,0.57577,-0.20951,-0.08492,0.65173
-0.14185,0.10713,0.74158,0.44585,2.6091
0.7632,0.8303,-1.4845,0.41574,2.33606
-0.73376,-0.91563,0.00974,-1.07842,-1.09961
0.90908,0.62866,-0.88116,1.32169,1.82793
-1.80871,2.44048,0.03578,-0.89993,-0.14451
1.0883,-0.19344,0.08474,0.57217,2.88355
0.95176,0.19048,1.31674,0.75867,5.11666
-0.29517,-1.77221,1.50363,-1.9305,-2.61646
2.22843,0.4162,-0.19859,0.59393,4.12809
-0.11453,-0.26783,0.23444,0.91155,2.50517
-1.02322,0.81977,0.23269,-0.0746,1.14637
2.40881,0.56772,0.3472,1.75405,5.78244
0.61481,1.56099,-0.14062,1.88332,5.88636
-0.36453,-0.19551,-1.07829,-1.94919,-2.43871
-0.67651,1.13757,-0.47029,-0.79273,-0.56548
0.00712,-0.2124,-0.26121,-0.81922,-1.25861
0.05789,0.82337,0.08845,-0.63855,1.10253
0.11193,-0.54322,-0.39798,-0.48217,-0.08437
-0.26769,0.08187,-0.09519,-0.9725,-1.06263
-1.16251,-0.4554,-0.52457,0.01199,0.75249
2.2829,2.75733,2.58168,-0.42784,9.09488
2.41631,1.17503,0.39626,1.01368,6.76566
-0.00294,-0.40988,-0.00961,-1.79072,-1.11322
-0.36588,0.47938,1.12622,-0.12441,0.39886
0.14128,1.54934,0.23203,-1.77878,1.80803
-0.65838,1.05792,1.73151,-0.44788,3.27844
0.17182,-0.78883,-1.76888,2.62699,1.28401
1.56703,0.5558,-1.0505,1.33674,2.76538
0.00221,-1.59848,0.45925,2.31993,2.90372
-0.19154,-2.42644,1.15082,1.60921,1.57738
1.02188,1.49156,-0.03014,0.69014,3.45192
-0.59153,-0.93428,-0.07502,1.01974,-0.20237
0.03109,0.21618,-0.30546,0.20118,0.73067
-0.15768,0.01485,0.87733,1.72827,1.91626
-1.87794,-0.34139,-1.08048,-0.7698,-3.64791
-0.74521,0.595,0.49283,0.51247,1.41538
-0.10109,-0.08419,0.63062,-0.26185,1.05254
-0.2235,0.81289,1.58992,0.53067,2.45755
1.95509,-0.06872,-0.10488,-1.34919,2.04301
-0.70262,0.31659,0.57073,0.31031,2.32996
0.40399,-1.49864,-0.0447,-0.13334,-1.48461
-0.63905,1.23161,-1.24443,-0.89315,1.06834
-0.74736,-0.06671,-0.91697,-0.86588,-0.45994
1.31977,-0.75488,0.79762,-0.15258,1.8479
2.01061,1.02697,1.79915,-1.1756,6.20285
0.72983,-0.40934,-0.1469,0.76084,3.29402
1.26966,0.99741,-0.75599,1.14693,3.55994
0.05849,-0.49941,-0.23523,-0.88652,-1.14963
1.5098,0.43118,0.88872,-0.26916,2.83982
0.71184,0.6539,2.14057,-0.30471,2.18941
-1.52779,1.24937,2.45636,0.51041,3.37243
-0.74264,0.76488,0.13597,0.68948,1.79421
0.06455,0.09338,0.60332,-0.76504,0.82319
-3.01783,0.69304,0.71747,0.07591,0.27572
0.33673,0.34807,0.3084,-0.18447,3.30222
-0.27807,0.52547,-1.21598,-0.25986,-1.99088
-0.29419,-0.23539,0.23087,-0.91401,-0.89685
-1.84809,-0.25434,0.51798,-0.0568,-0.07801
0.98672,-1.14547,-0.27747,0.53818,-0.93736
0.13448,-1.26417,3.08073,1.33629,2.93136
-1.60246,0.32064,0.09119,0.00586,-0.83733
2.02752,1.85879,0.73527,0.11125,7.02025
-0.03513,-0.92411,1.20627,-0.57034,1.4596
0.53042,0.62381,0.48824,-0.60169,1.29291
-0.50539,0.01795,0.52174,0.18936,0.55438
-1.94835,0.37702,0.68641,-0.49784,0.04314
-2.0743,-1.80086,-1.41611,0.19026,-4.04451
0.71449,-0.00273,0.15253,-0.9429,-0.43576
0.98868,-0.07765,-0.86876,-0.17781,0.15441
-0.46772,-0.02132,0.9728,-0.65916,0.7286
-0.31678,1.43038,-0.41964,0.34791,1.09984
-0.6191,0.33372,0.6206,-0.13637,1.43663
0.76058,0.38489,0.93385,2.26605,4.28091
-1.69764,0.67992,-1.77079,-0.58183,-1.5084
2.32936,0.61998,1.34767,-0.876,4.18274
-1.19286,0.97997,1.94089,-1.0364,3.17805
1.2673,-1.73137,-0.1315,-1.89758,0.19183
-0.56861,-0.86638,-1.30624,-1.37971,-3.30972
-0.2377,-0.53077,-0.05584,0.60807,0.34133
1.48027,-1.07201,-1.0156,0.28484,0.45079
0.6495,1.07434,0.23572,3.32071,6.85973
-2.49725,0.54796,0.45367,-0.96782,-1.08268
-0.27804,1.29273,0.38264,0.74438,4.39344
0.2123,1.11949,-0.40645,1.30886,3.84487
-1.44906,-0.16174,0.96419,-0.89545,-1.24951
-0.43311,1.25153,1.22488,-1.69881,1.84881
-1.88005,1.24707,1.32465,-0.50858,1.79042
-1.28901,-1.20312,0.30833,1.62362,-0.87043
0.20148,0.27394,1.52192,-1.4855,1.34069
1.24241,0.05749,0.42861,0.37447,2.28972
-0.00275,-0.56989,0.81176,1.38311,4.0837
0.3029,1.33298,0.33812,-0.16073,4.12776
-0.69161,1.01382,-0.68263,0.29049,0.10964
-0.20188,-0.07488,-0.05473,-0.38915,0.23936
-0.59446,0.51023,0.91025,-0.47098,2.94925
-1.60731,-0.33008,1.14958,0.48151,-0.65649
-0.54219,-0.69062,-0.74629,0.19098,-0.44648
-1.25919,1.43722,-0.07432,0.28567,3.44711
0.23651,-0.57081,0.12359,-0.81419,-0.43253
-0.70244,-0.05488,-0.80547,-2.18364,-2.07606
0.44341,0.97436,-0.70446,-1.12487,0.1213
-1.04863,1.42158,0.50647,0.15121,2.23696
0.27271,-1.06235,2.44121,0.48784,2.44566
-0.20955,-0.81956,1.16935,0.22417,1.79801
1.22886,0.11713,-1.19176,-0.3019,-0.34225
0.29353,0.27387,-1.64929,-0.44625,0.12674
-0.4045,0.47842,-1.56169,-1.55932,-2.07119
-0.41629,-0.3349,0.7499,0.6068,0.50949
-1.52621,0.55136,-0.77142,-1.02048,-2.59219
-1.23113,0.58777,-0.80199,0.39779,0.3775
-0.01803,-1.17263,-0.59042,0.19069,-0.28314
0.87489,0.4351,0.26019,0.3286,1.97998
-0.39897,0.72395,0.56409,-1.07714,1.07739
-1.59596,-0.10143,-0.64756,0.70657,-2.20218
0.43645,-0.45433,-0.76,-1.37442,-1.12401
0.54307,0.57353,-0.5367,-0.24539,0.1221
-0.71213,-0.01014,0.78001,0.33967,3.44701
-3.00515,-2.10671,-0.29196,0.08967,-4.52357
0.60836,0.16388,-0.14908,-0.40158,-0.24904
0.94966,1.04595,-0.29644,0.41468,2.48613
-1.56161,-0.79476,-1.14734,-0.44388,-3.09407
0.18607,-0.58176,-2.12085,0.31598,-0.88721
-0.0043,-0.21859,-0.13043,-2.209,-0.34833
-0.54363,0.52994,1.98061,1.39635,3.3667
-0.91107,0.90394,0.00259,0.29093,1.48994
0.95417,-2.07819,0.79524,0.73438,1.18855
1.24731,0.37537,-1.13822,0.63972,1.89342
1.17409,1.56698,-0.71291,0.97005,3.63947
0.31374,0.16977,0.38155,1.11992,3.15977
0.80795,-1.36584,1.39408,-1.73741,0.33575
1.5984,2.32073,1.38686,1.06795,5.27027
-1.02251,1.00471,0.05779,-0.73991,1.17641
0.46294,-0.86789,-0.23099,0.06831,0.79888
-0.18331,-1.36418,-0.3367,-0.44274,-0.69619
-0.39584,1.57911,-0.69292,0.37811,2.95221
-0.46389,-0.10078,1.42365,1.75276,2.17282
1.15633,-0.79989,-0.20429,0.88705,3.56272
0.26956,0.02333,0.17989,-0.61999,0.32459
1.03203,-0.9343,-0.52468,-0.17056,-0.14375
0.40585,-1.00572,1.79228,0.04766,4.15723
0.60257,-1.87498,0.05659,-0.8678,-3.42928
-0.43868,-2.21127,-0.02638,0.0224,-2.89807
-0.22974,1.0063,-1.55635,3.04596,4.97688
0.25848,1.33304,-0.50151,0.6425,1.99591
1.35417,0.14384,-0.74262,1.59684,3.13404
-2.02418,-0.49432,0.74664,0.09987,-1.86704
-0.77527,-0.93223,0.89085,0.03546,-0.85019
-0.43431,-0.98964,-0.437,-0.52743,0.45511
-1.02874,2.14385,-0.48162,1.0672,1.73051
0.98967,-0.27096,-1.50295,0.4895,-0.29511
1.21486,1.27115,-0.25245,1.46928,3.66925
1.21862,0.84098,0.71166,-0.40288,0.11731
-0.98542,0.22973,-0.26172,1.50034,1.86356
0.72371,-1.00174,0.63173,-0.63568,-0.17859
-0.994,0.41728,-0.71612,0.41287,-0.64179
-0.72469,-1.18102,0.49878,1.38145,0.16293
1.74245,-1.2496,-0.81327,1.10201,3.14906
0.12491,-0.37091,1.08183,-0.55868,0.69049
-0.75613,-1.04973,-2.77946,0.11886,-1.19037
-0.19388,-0.11878,0.08958,0.03177,0.15663
-1.19463,-0.84359,-1.47329,0.0229,-2.56131
0.66987,2.26839,1.5962,0.28264,5.7119
-2.01442,-0.56965,-1.4868,-0.58585,-2.49583
0.94434,-0.00744,1.57643,-0.07816,3.10646
0.06081,0.53184,-2.10496,-1.8247,-2.19725
0.28352,-0.13228,0.07232,1.77564,2.32254
0.32473,-0.41871,-0.01211,-0.56787,-0.68191
0.27143,-1.08282,-0.76691,0.56977,-0.24242
0.17091,1.02608,-1.20471,-0.3978,0.2527
0.52114,0.15331,-1.40572,-0.88898,-1.6316
-1.32179,1.32866,0.8107,0.42574,2.63674
-0.65861,-0.41153,0.26833,0.41644,1.46428
-0.2082,-1.36352,-1.0927,0.13878,-2.35887
0.98456,0.8992,0.47888,1.21435,4.09135
-0.63946,0.42977,0.41429,-1.07246,0.06738
-0.61727,-0.67384,2.61659,-1.28113,0.16853
0.52021,-0.39205,1.56933,0.38002,2.79658
-0.81798,0.40339,0.92828,-0.63707,0.52514
-0.26199,0.39635,-0.28043,0.56846,-1.2372
-0.03447,-1.18399,0.4253,-0.12763,-0.3874
-0.34553,-1.22634,-0.52608,-0.15731,-2.2804
-0.0567,0.92545,1.9607,1.01424,5.48511
-0.50726,-0.9526,-1.83927,-1.21344,-1.88874
0.01716,-0.38613,0.90693,0.15521,1.19193
1.2593,-1.15524,-0.72729,-1.02747,1.60798
-0.32558,1.95066,0.93846,0.18543,3.8917
0.1452,0.33659,0.07181,1.07479,1.24955
0.31847,-1.65731,2.53585,3.00003,4.8671
-0.18468,-0.12036,1.68224,-0.8525,2.51973
0.89134,-0.05059,-0.72601,0.7456,2.96454
-0.59547,1.24572,2.0678,-1.67488,1.89622
1.13548,-1.1978,1.36498,0.30261,3.10953
0.45497,-0.51543,0.11825,-0.97887,1.11409
0.18762,2.353,1.11352,0.32738,5.95882
0.58868,-0.59892,0.0429,-0.41371,-0.22666
1.63782,-0.24472,0.40384,0.35974,2.9771
-0.38235,-1.57962,1.16147,-0.31711,-2.12446
-0.85604,1.20696,-0.55516,-0.12387,2.16101
-0.43257,-0.77739,0.75664,-0.91355,-0.73851
-1.4147,0.33418,-0.6256,1.77679,1.19404
1.15982,0.01409,-0.44552,0.47595,2.61209
-1.57529,0.7133,-1.44777,-1.52743,-1.71619
0.67533,-1.57821,0.16077,-0.0393,0.27126
0.6403,-0.03111,1.936,-0.66936,3.06448
-0.23015,0.78931,-0.74936,1.6616,1.48844
0.41636,-2.33333,1.056,-0.62208,-0.08807
-0.72274,1.34984,-0.64421,-1.85576,-2.57862
0.50836,-0.568,-1.05193,0.16438,0.57221
1.53381,-0.84594,-0.90487,0.10741,0.54316
-0.25419,-0.43967,-0.45524,3.12897,2.76129
0.03316,-0.07093,1.22012,0.85635,3.89671
1.47759,1.26546,1.88756,0.78208,6.4478
0.29612,1.63698,1.59935,1.70771,6.19594
0.85964,1.17936,-1.35272,0.11543,0.99918
0.73978,-0.96165,1.54244,0.26661,3.65442
-0.80912,0.65894,0.18569,0.06541,-0.20458
0.43633,1.00608,0.07718,-0.07293,3.20213
0.84027,-2.14162,0.62341,-0.1809,0.69993
0.89539,-0.27683,-0.10381,-1.30349,0.31425
0.58949,-2.18134,0.15043,0.2633,-1.14914
0.98406,-0.27886,-0.265,0.35757,2.26224
-1.77948,-1.13659,-0.59925,1.07307,-2.18374
-2.52919,-0.44326,0.67514,-2.39302,-2.26556
-0.17989,-0.08252,-0.19657,2.1026,1.28147
1.13475,-0.30137,0.05597,0.33729,3.51753
-0.7191,-0.58597,0.22148,-0.19576,0.0291
0.64724,-1.25669,1.03929,1.01327,2.22529
-2.10751,0.11516,-1.09824,0.29592,-1.84466
-0.43599,0.64002,1.83036,-0.01959,2.9992
1.75482,-0.19508,0.20095,0.97198,3.0171
-1.51316,0.74127,0.07538,1.4573,2.24246
1.15045,0.69151,2.16153,0.47148,5.21442
-0.81629,0.67474,0.13088,0.17843,2.65226
0.41538,1.10668,-1.01701,-2.85647,-0.0263
0.94282,1.37109,-1.22666,1.24416,2.92741
-0.66607,-0.60006,-3.22681,0.18695,-2.73481
-1.93575,-0.2707,0.86534,0.04651,0.08662
-0.73354,1.1501,-0.63345,-1.61803,-2.00064
-1.75963,0.1772,0.39453,-0.40448,-2.3256
-1.02344,-0.5453,-0.4807,-0.72295,-0.32825
0.38289,-1.43017,0.02814,-0.29066,0.45045
-2.59195,-0.49283,-1.59983,-0.45319,-5.02089
-1.20119,-1.15079,0.80109,-0.62835,-0.94995
-0.73453,0.47826,1.94484,0.24996,3.22033
0.98255,0.95377,-0.27513,-1.33623,0.79169
1.77738,-0.07092,1.57276,-1.7999,3.13732
1.72473,-0.88039,0.54208,0.85172,4.28191
-1.72807,-0.65224,1.00461,-0.15999,-0.74326
0.80829,-0.19638,0.57268,-1.61527,0.20501
-0.04588,0.63727,0.13808,-0.51587,0.92601
-1.19994,-0.48525,-0.12923,2.02979,0.05137